{
  "neural_network_weighted_cross_entropy": {
    "train_accuracy": 0.6834437086092715,
    "train_precision": 0.7158838926647035,
    "train_recall": 0.6834437086092715,
    "train_f1": 0.6942029737223004,
    "train_auc": 0.6969914407257445,
    "train_auprc": 0.8416921010467069,
    "train_matthews_corrcoef": 0.3018388552062952,
    "train_balanced_accuracy": 0.661656672304512,
    "train_cohen_kappa": 0.29553023115993804,
    "val_accuracy": 0.6666666666666666,
    "val_precision": 0.713377192982456,
    "val_recall": 0.6666666666666666,
    "val_f1": 0.6811083714923094,
    "val_auc": 0.6616169544740973,
    "val_auprc": 0.8273664712554466,
    "val_matthews_corrcoef": 0.2756589455305453,
    "val_balanced_accuracy": 0.6505494505494506,
    "val_cohen_kappa": 0.2660194174757282,
    "test_accuracy": 0.6746031746031746,
    "test_precision": 0.715589584428798,
    "test_recall": 0.6746031746031746,
    "test_f1": 0.6883463803541776,
    "test_auc": 0.696371483375959,
    "test_auprc": 0.8547099445653908,
    "test_matthews_corrcoef": 0.2705422354694987,
    "test_balanced_accuracy": 0.6473785166240409,
    "test_cohen_kappa": 0.26305278174037083,
    "confusion_matrix": [
      [
        40,
        28
      ],
      [
        54,
        130
      ]
    ],
    "total_parameters": 142,
    "training_time": 13.981263875961304,
    "optimal_threshold": 0.5,
    "test_f1_optimal": 0.6883463803541776,
    "cv_n_folds": 5,
    "cv_mean_train_accuracy": 0.7000986390888213,
    "cv_std_train_accuracy": 0.015362023877744525,
    "cv_mean_train_precision": 0.7406932253496115,
    "cv_std_train_precision": 0.010059651811260572,
    "cv_mean_train_recall": 0.7000986390888213,
    "cv_std_train_recall": 0.015362023877744525,
    "cv_mean_train_f1": 0.7107323891785805,
    "cv_std_train_f1": 0.012406403008463301,
    "cv_mean_train_auc": 0.739752011757596,
    "cv_std_train_auc": 0.019144660916003423,
    "cv_mean_train_auprc": 0.8819150065723658,
    "cv_std_train_auprc": 0.011327876038125344,
    "cv_mean_train_matthews_corrcoef": 0.3521503265924292,
    "cv_std_train_matthews_corrcoef": 0.017249338563952873,
    "cv_mean_train_balanced_accuracy": 0.6894019093316981,
    "cv_std_train_balanced_accuracy": 0.0135797780176608,
    "cv_mean_train_cohen_kappa": 0.34003240635126286,
    "cv_std_train_cohen_kappa": 0.012941437307856291,
    "cv_mean_val_accuracy": 0.6961134919462095,
    "cv_std_val_accuracy": 0.019428813359919753,
    "cv_mean_val_precision": 0.7401176968838238,
    "cv_std_val_precision": 0.013884334477436203,
    "cv_mean_val_recall": 0.6961134919462095,
    "cv_std_val_recall": 0.019428813359919753,
    "cv_mean_val_f1": 0.7078764430288103,
    "cv_std_val_f1": 0.014736746411030795,
    "cv_mean_val_auc": 0.7393031797694732,
    "cv_std_val_auc": 0.0168023101638132,
    "cv_mean_val_auprc": 0.8794633169139644,
    "cv_std_val_auprc": 0.019857126789490358,
    "cv_mean_val_matthews_corrcoef": 0.34717844344036075,
    "cv_std_val_matthews_corrcoef": 0.015793407581410065,
    "cv_mean_val_balanced_accuracy": 0.6875537406622108,
    "cv_std_val_balanced_accuracy": 0.006863456458891174,
    "cv_mean_val_cohen_kappa": 0.3345472336476865,
    "cv_std_val_cohen_kappa": 0.022461701695307743,
    "cv_mean_test_accuracy": 0.6722222222222223,
    "cv_std_test_accuracy": 0.0267496818196075,
    "cv_mean_test_precision": 0.7281224217520602,
    "cv_std_test_precision": 0.009875094444585286,
    "cv_mean_test_recall": 0.6722222222222223,
    "cv_std_test_recall": 0.0267496818196075,
    "cv_mean_test_f1": 0.6869884754405409,
    "cv_std_test_f1": 0.021802084874110252,
    "cv_mean_test_auc": 0.7272218670076726,
    "cv_std_test_auc": 0.023758757563045133,
    "cv_mean_test_auprc": 0.8822052356513643,
    "cv_std_test_auprc": 0.012254291592763585,
    "cv_mean_test_matthews_corrcoef": 0.29463594097759893,
    "cv_std_test_matthews_corrcoef": 0.024369341800424958,
    "cv_mean_test_balanced_accuracy": 0.6615089514066497,
    "cv_std_test_balanced_accuracy": 0.015115635849413783,
    "cv_mean_test_cohen_kappa": 0.2802338962939156,
    "cv_std_test_cohen_kappa": 0.026111084647140435,
    "cv_mean_test_f1_optimal": 0.7065790030295417,
    "cv_std_test_f1_optimal": 0.016938214032476306
  },
  "neural_network_focal_loss": {
    "train_accuracy": 0.7086092715231788,
    "train_precision": 0.7257106993312615,
    "train_recall": 0.7086092715231788,
    "train_f1": 0.7152163951391463,
    "train_auc": 0.7123887379768677,
    "train_auprc": 0.8515015630681518,
    "train_matthews_corrcoef": 0.32971213116963105,
    "train_balanced_accuracy": 0.6725351511113389,
    "train_cohen_kappa": 0.3272362004439189,
    "val_accuracy": 0.6825396825396826,
    "val_precision": 0.7151117149758454,
    "val_recall": 0.6825396825396826,
    "val_f1": 0.693884918056458,
    "val_auc": 0.7000000000000001,
    "val_auprc": 0.8546358495060659,
    "val_matthews_corrcoef": 0.2842066349880619,
    "val_balanced_accuracy": 0.6527472527472528,
    "val_cohen_kappa": 0.27855711422845686,
    "test_accuracy": 0.6865079365079365,
    "test_precision": 0.718498240039565,
    "test_recall": 0.6865079365079365,
    "test_f1": 0.6979878951464333,
    "test_auc": 0.7141943734015345,
    "test_auprc": 0.8713373176198994,
    "test_matthews_corrcoef": 0.2802720642877448,
    "test_balanced_accuracy": 0.6508951406649617,
    "test_cohen_kappa": 0.2750182083029862,
    "confusion_matrix": [
      [
        39,
        29
      ],
      [
        50,
        134
      ]
    ],
    "total_parameters": 142,
    "training_time": 13.537966251373291,
    "optimal_threshold": 0.5,
    "test_f1_optimal": 0.6979878951464333,
    "cv_n_folds": 5,
    "cv_mean_train_accuracy": 0.688927762279796,
    "cv_std_train_accuracy": 0.010338375643859695,
    "cv_mean_train_precision": 0.7336918872560948,
    "cv_std_train_precision": 0.022519858736191722,
    "cv_mean_train_recall": 0.688927762279796,
    "cv_std_train_recall": 0.010338375643859695,
    "cv_mean_train_f1": 0.6997095244213073,
    "cv_std_train_f1": 0.009170391817487387,
    "cv_mean_train_auc": 0.7400625817524872,
    "cv_std_train_auc": 0.020353397809424502,
    "cv_mean_train_auprc": 0.8799642474698087,
    "cv_std_train_auprc": 0.014425337496743542,
    "cv_mean_train_matthews_corrcoef": 0.3327231680930796,
    "cv_std_train_matthews_corrcoef": 0.04442368294222547,
    "cv_mean_train_balanced_accuracy": 0.6795335040255405,
    "cv_std_train_balanced_accuracy": 0.02926155333863222,
    "cv_mean_train_cohen_kappa": 0.31840328935210027,
    "cv_std_train_cohen_kappa": 0.037664394889472236,
    "cv_mean_val_accuracy": 0.7050588640953647,
    "cv_std_val_accuracy": 0.00825621824565414,
    "cv_mean_val_precision": 0.7439864428976117,
    "cv_std_val_precision": 0.014193811127635271,
    "cv_mean_val_recall": 0.7050588640953647,
    "cv_std_val_recall": 0.00825621824565414,
    "cv_mean_val_f1": 0.7148908034335625,
    "cv_std_val_f1": 0.007838014973327723,
    "cv_mean_val_auc": 0.7431464991733815,
    "cv_std_val_auc": 0.018223821327924106,
    "cv_mean_val_auprc": 0.8870748179319372,
    "cv_std_val_auprc": 0.01285309160196308,
    "cv_mean_val_matthews_corrcoef": 0.3547847071326159,
    "cv_std_val_matthews_corrcoef": 0.051067201765546806,
    "cv_mean_val_balanced_accuracy": 0.6905188620354012,
    "cv_std_val_balanced_accuracy": 0.03080094540614751,
    "cv_mean_val_cohen_kappa": 0.3422992158290916,
    "cv_std_val_cohen_kappa": 0.04424534410494564,
    "cv_mean_test_accuracy": 0.6619047619047619,
    "cv_std_test_accuracy": 0.025147586536118843,
    "cv_mean_test_precision": 0.7193629928508702,
    "cv_std_test_precision": 0.005460068735314873,
    "cv_mean_test_recall": 0.6619047619047619,
    "cv_std_test_recall": 0.025147586536118843,
    "cv_mean_test_f1": 0.676722349832877,
    "cv_std_test_f1": 0.017501692652455884,
    "cv_mean_test_auc": 0.7333280051150896,
    "cv_std_test_auc": 0.016875556508759253,