{
  "neural_network_weighted_cross_entropy": {
    "train_accuracy": 0.8357615894039735,
    "train_precision": 0.8626559311670804,
    "train_recall": 0.8357615894039735,
    "train_f1": 0.8414997506681375,
    "train_auc": 0.9237097022192609,
    "train_auprc": 0.9695373222286399,
    "train_matthews_corrcoef": 0.6505696041108994,
    "train_balanced_accuracy": 0.8491193002238053,
    "train_cohen_kappa": 0.6358615324776351,
    "val_accuracy": 0.8333333333333334,
    "val_precision": 0.855281207133059,
    "val_recall": 0.8333333333333334,
    "val_f1": 0.8389050387596899,
    "val_auc": 0.9023547880690738,
    "val_auprc": 0.9634432652066751,
    "val_matthews_corrcoef": 0.628660222388593,
    "val_balanced_accuracy": 0.8362637362637363,
    "val_cohen_kappa": 0.6181818181818182,
    "test_accuracy": 0.8055555555555556,
    "test_precision": 0.8517765683853153,
    "test_recall": 0.8055555555555556,
    "test_f1": 0.8149626620349927,
    "test_auc": 0.8955402813299232,
    "test_auprc": 0.9603035514767781,
    "test_matthews_corrcoef": 0.5973745149641458,
    "test_balanced_accuracy": 0.8297634271099744,
    "test_cohen_kappa": 0.572022736725357,
    "confusion_matrix": [
      [
        60,
        8
      ],
      [
        41,
        143
      ]
    ],
    "total_parameters": 222,
    "training_time": 61.872004985809326,
    "optimal_threshold": 0.5,
    "test_f1_optimal": 0.8149626620349927,
    "cv_n_folds": 5,
    "cv_mean_train_accuracy": 0.8316736279148621,
    "cv_std_train_accuracy": 0.01646598779891537,
    "cv_mean_train_precision": 0.853463692955167,
    "cv_std_train_precision": 0.008828365912695703,
    "cv_mean_train_recall": 0.8316736279148621,
    "cv_std_train_recall": 0.01646598779891537,
    "cv_mean_train_f1": 0.8366590676600063,
    "cv_std_train_f1": 0.014437888248102923,
    "cv_mean_train_auc": 0.9116889428930584,
    "cv_std_train_auc": 0.007811640499989812,
    "cv_mean_train_auprc": 0.9636562836105235,
    "cv_std_train_auprc": 0.004082764025868637,
    "cv_mean_train_matthews_corrcoef": 0.6298162515384755,
    "cv_std_train_matthews_corrcoef": 0.022841636319046007,
    "cv_mean_train_balanced_accuracy": 0.8335894249467382,
    "cv_std_train_balanced_accuracy": 0.010357724008744976,
    "cv_mean_train_cohen_kappa": 0.6188073902381921,
    "cv_std_train_cohen_kappa": 0.025559822740222986,
    "cv_mean_val_accuracy": 0.8132752081178267,
    "cv_std_val_accuracy": 0.03385791429370486,
    "cv_mean_val_precision": 0.8420609720222133,
    "cv_std_val_precision": 0.026749206937731015,
    "cv_mean_val_recall": 0.8132752081178267,
    "cv_std_val_recall": 0.03385791429370486,
    "cv_mean_val_f1": 0.8188049261574802,
    "cv_std_val_f1": 0.03196305323769876,
    "cv_mean_val_auc": 0.8828352352257083,
    "cv_std_val_auc": 0.020318388218407618,
    "cv_mean_val_auprc": 0.9496245310340956,
    "cv_std_val_auprc": 0.017653153889884844,
    "cv_mean_val_matthews_corrcoef": 0.5959850448212405,
    "cv_std_val_matthews_corrcoef": 0.058651158003417594,
    "cv_mean_val_balanced_accuracy": 0.816097355887325,
    "cv_std_val_balanced_accuracy": 0.03313755012242611,
    "cv_mean_val_cohen_kappa": 0.5801804371158445,
    "cv_std_val_cohen_kappa": 0.06483023366579832,
    "cv_mean_test_accuracy": 0.8206349206349206,
    "cv_std_test_accuracy": 0.008093681767607601,
    "cv_mean_test_precision": 0.8490846983705633,
    "cv_std_test_precision": 0.015058332022362755,
    "cv_mean_test_recall": 0.8206349206349206,
    "cv_std_test_recall": 0.008093681767607601,
    "cv_mean_test_f1": 0.8271162054841724,
    "cv_std_test_f1": 0.008285520907797501,
    "cv_mean_test_auc": 0.88991368286445,
    "cv_std_test_auc": 0.013033189958546184,
    "cv_mean_test_auprc": 0.9569578456429525,
    "cv_std_test_auprc": 0.006998669471814674,
    "cv_mean_test_matthews_corrcoef": 0.6017329320243014,
    "cv_std_test_matthews_corrcoef": 0.03143150750235961,
    "cv_mean_test_balanced_accuracy": 0.8243286445012789,
    "cv_std_test_balanced_accuracy": 0.024494208129797995,
    "cv_mean_test_cohen_kappa": 0.5869233572121291,
    "cv_std_test_cohen_kappa": 0.025708690159407365,
    "cv_mean_test_f1_optimal": 0.8234548081882005,
    "cv_std_test_f1_optimal": 0.005358168382587709
  },
  "neural_network_focal_loss": {
    "train_accuracy": 0.8317880794701987,
    "train_precision": 0.8534079201715579,
    "train_recall": 0.8317880794701987,
    "train_f1": 0.8370463203375111,
    "train_auc": 0.9140314010899834,
    "train_auprc": 0.9648949176679275,
    "train_matthews_corrcoef": 0.6324078516510413,
    "train_balanced_accuracy": 0.836788649138093,
    "train_cohen_kappa": 0.6218911554432136,
    "val_accuracy": 0.8253968253968254,
    "val_precision": 0.8421904672955387,
    "val_recall": 0.8253968253968254,
    "val_f1": 0.8303369682680027,
    "val_auc": 0.8912087912087912,
    "val_auprc": 0.9586624520706534,
    "val_matthews_corrcoef": 0.6000229895517362,
    "val_balanced_accuracy": 0.8175824175824176,
    "val_cohen_kappa": 0.593429158110883,
    "test_accuracy": 0.8214285714285714,
    "test_precision": 0.8492935635792779,
    "test_recall": 0.8214285714285714,
    "test_f1": 0.8283917340521114,
    "test_auc": 0.8983375959079284,
    "test_auprc": 0.962206543823822,
    "test_matthews_corrcoef": 0.603870592578749,
    "test_balanced_accuracy": 0.8267263427109974,
    "test_cohen_kappa": 0.5904954499494439,
    "confusion_matrix": [
      [
        57,
        11
      ],
      [
        34,
        150
      ]
    ],
    "total_parameters": 222,
    "training_time": 39.87681293487549,
    "optimal_threshold": 0.5,
    "test_f1_optimal": 0.8283917340521114,
    "cv_n_folds": 5,
    "cv_mean_train_accuracy": 0.7728674691367539,
    "cv_std_train_accuracy": 0.06935885454341709,
    "cv_mean_train_precision": 0.8087914630305164,
    "cv_std_train_precision": 0.06522608403242305,
    "cv_mean_train_recall": 0.7728674691367539,
    "cv_std_train_recall": 0.06935885454341709,
    "cv_mean_train_f1": 0.7806442725914703,
    "cv_std_train_f1": 0.0669021921386251,
    "cv_mean_train_auc": 0.8473512126204892,
    "cv_std_train_auc": 0.08692368726916501,
    "cv_mean_train_auprc": 0.9346333569497492,
    "cv_std_train_auprc": 0.04055305576727824,
    "cv_mean_train_matthews_corrcoef": 0.5143666644623054,
    "cv_std_train_matthews_corrcoef": 0.15633120102067288,
    "cv_mean_train_balanced_accuracy": 0.7766343547533948,
    "cv_std_train_balanced_accuracy": 0.08561127472473472,
    "cv_mean_train_cohen_kappa": 0.49814409264983767,
    "cv_std_train_cohen_kappa": 0.1531028398543893,
    "cv_mean_val_accuracy": 0.7655041623565342,
    "cv_std_val_accuracy": 0.07391103198703965,
    "cv_mean_val_precision": 0.8070614350818632,
    "cv_std_val_precision": 0.06880774476752242,
    "cv_mean_val_recall": 0.7655041623565342,
    "cv_std_val_recall": 0.07391103198703965,
    "cv_mean_val_f1": 0.7727413697443312,
    "cv_std_val_f1": 0.07356488958760943,
    "cv_mean_val_auc": 0.8266579388255758,
    "cv_std_val_auc": 0.08225238405386519,
    "cv_mean_val_auprc": 0.9213516385985079,
    "cv_std_val_auprc": 0.04850748548296217,
    "cv_mean_val_matthews_corrcoef": 0.504308726078451,
    "cv_std_val_matthews_corrcoef": 0.16004227388215586,
    "cv_mean_val_balanced_accuracy": 0.7719644584809788,
    "cv_std_val_balanced_accuracy": 0.0906916192655296,
    "cv_mean_val_cohen_kappa": 0.48386891454177505,
    "cv_std_val_cohen_kappa": 0.15538061333392142,
    "cv_mean_test_accuracy": 0.7626984126984128,
    "cv_std_test_accuracy": 0.07826217800394318,
    "cv_mean_test_precision": 0.8055932936061829,
    "cv_std_test_precision": 0.06497997640409352,
    "cv_mean_test_recall": 0.7626984126984128,
    "cv_std_test_recall": 0.07826217800394318,
    "cv_mean_test_f1": 0.7725541064996062,
    "cv_std_test_f1": 0.07414181707811951,
    "cv_mean_test_auc": 0.8303868286445013,
    "cv_std_test_auc": 0.08924682946774451,
    "cv_mean_test_auprc": 0.9302693408256122,