{
  "neural_network_weighted_cross_entropy": {
    "train_accuracy": 0.8622516556291391,
    "train_precision": 0.8839174817337881,
    "train_recall": 0.8622516556291391,
    "train_f1": 0.8667032456888074,
    "train_auc": 0.9458083474279467,
    "train_auprc": 0.9787517882123343,
    "train_matthews_corrcoef": 0.7043382026783765,
    "train_balanced_accuracy": 0.8759161498641792,
    "train_cohen_kappa": 0.6915316561120103,
    "val_accuracy": 0.8293650793650794,
    "val_precision": 0.8473122024846163,
    "val_recall": 0.8293650793650794,
    "val_f1": 0.8344234577645617,
    "val_auc": 0.8925431711145997,
    "val_auprc": 0.9606128760904676,
    "val_matthews_corrcoef": 0.6118277968137298,
    "val_balanced_accuracy": 0.8247252747252747,
    "val_cohen_kappa": 0.6042944785276074,
    "test_accuracy": 0.8333333333333334,
    "test_precision": 0.8559682187730968,
    "test_recall": 0.8333333333333334,
    "test_f1": 0.8392278219864426,
    "test_auc": 0.9182384910485933,
    "test_auprc": 0.9717975746212006,
    "test_matthews_corrcoef": 0.6236162030414852,
    "test_balanced_accuracy": 0.8348785166240409,
    "test_cohen_kappa": 0.6129315389116442,
    "confusion_matrix": [
      [
        57,
        11
      ],
      [
        31,
        153
      ]
    ],
    "total_parameters": 590,
    "training_time": 61.67186689376831,
    "optimal_threshold": 0.5,
    "test_f1_optimal": 0.8392278219864426,
    "cv_n_folds": 5,
    "cv_mean_train_accuracy": 0.8113419539787001,
    "cv_std_train_accuracy": 0.0927101401778144,
    "cv_mean_train_precision": 0.8384293894332255,
    "cv_std_train_precision": 0.07066883303248513,
    "cv_mean_train_recall": 0.8113419539787001,
    "cv_std_train_recall": 0.0927101401778144,
    "cv_mean_train_f1": 0.8174092220663507,
    "cv_std_train_f1": 0.08694205883443916,
    "cv_mean_train_auc": 0.8824186937607656,
    "cv_std_train_auc": 0.09268075818254241,
    "cv_mean_train_auprc": 0.9492484943380297,
    "cv_std_train_auprc": 0.046197550315224975,
    "cv_mean_train_matthews_corrcoef": 0.5929070872362463,
    "cv_std_train_matthews_corrcoef": 0.17585828830682454,
    "cv_mean_train_balanced_accuracy": 0.8120235917203538,
    "cv_std_train_balanced_accuracy": 0.09124407190928871,
    "cv_mean_train_cohen_kappa": 0.5820427556534051,
    "cv_std_train_cohen_kappa": 0.17869752771716702,
    "cv_mean_val_accuracy": 0.8053051573814098,
    "cv_std_val_accuracy": 0.061346095680936776,
    "cv_mean_val_precision": 0.8306352782472887,
    "cv_std_val_precision": 0.03300149617449404,
    "cv_mean_val_recall": 0.8053051573814098,
    "cv_std_val_recall": 0.061346095680936776,
    "cv_mean_val_f1": 0.8106376182599317,
    "cv_std_val_f1": 0.05612100172172028,
    "cv_mean_val_auc": 0.8556921103068895,
    "cv_std_val_auc": 0.06242581674265072,
    "cv_mean_val_auprc": 0.9368477459925888,
    "cv_std_val_auprc": 0.029965603901388714,
    "cv_mean_val_matthews_corrcoef": 0.570402736538947,
    "cv_std_val_matthews_corrcoef": 0.0956155648483829,
    "cv_mean_val_balanced_accuracy": 0.7972512560003462,
    "cv_std_val_balanced_accuracy": 0.042888747663081976,
    "cv_mean_val_cohen_kappa": 0.5596513213699416,
    "cv_std_val_cohen_kappa": 0.10597951002836702,
    "cv_mean_test_accuracy": 0.7817460317460319,
    "cv_std_test_accuracy": 0.08573632873527871,
    "cv_mean_test_precision": 0.813740738384164,
    "cv_std_test_precision": 0.056464445995884585,
    "cv_mean_test_recall": 0.7817460317460319,
    "cv_std_test_recall": 0.08573632873527871,
    "cv_mean_test_f1": 0.7894006500562363,
    "cv_std_test_f1": 0.07865817458619911,
    "cv_mean_test_auc": 0.8519341432225064,
    "cv_std_test_auc": 0.08678340661983151,
    "cv_mean_test_auprc": 0.9402185198018778,
    "cv_std_test_auprc": 0.04196134343309872,
    "cv_mean_test_matthews_corrcoef": 0.5159728456047482,
    "cv_std_test_matthews_corrcoef": 0.14760042281526764,
    "cv_mean_test_balanced_accuracy": 0.7726662404092072,
    "cv_std_test_balanced_accuracy": 0.07621334524113287,
    "cv_mean_test_cohen_kappa": 0.505294234617749,
    "cv_std_test_cohen_kappa": 0.15193550900617597,
    "cv_mean_test_f1_optimal": 0.7894006500562363,
    "cv_std_test_f1_optimal": 0.07865817458619911
  },
  "neural_network_focal_loss": {
    "train_accuracy": 0.7284768211920529,
    "train_precision": 0.7443888989099905,
    "train_recall": 0.7284768211920529,
    "train_f1": 0.7345079081233173,
    "train_auc": 0.7573078434387439,
    "train_auprc": 0.8886288325296124,
    "train_matthews_corrcoef": 0.37497870162550523,
    "train_balanced_accuracy": 0.6960389865545931,
    "train_cohen_kappa": 0.37229542569543306,
    "val_accuracy": 0.7103174603174603,
    "val_precision": 0.7307933153301241,
    "val_recall": 0.7103174603174603,
    "val_f1": 0.718109087921455,
    "val_auc": 0.7336734693877551,
    "val_auprc": 0.8889661550301587,
    "val_matthews_corrcoef": 0.3258516772658855,
    "val_balanced_accuracy": 0.671978021978022,
    "val_cohen_kappa": 0.322680412371134,
    "test_accuracy": 0.6984126984126984,
    "test_precision": 0.7187697843364989,
    "test_recall": 0.6984126984126984,
    "test_f1": 0.706523181777419,
    "test_auc": 0.7358535805626598,
    "test_auprc": 0.877797905130784,
    "test_matthews_corrcoef": 0.2837950574006031,
    "test_balanced_accuracy": 0.6497762148337596,
    "test_cohen_kappa": 0.2812969078354849,
    "confusion_matrix": [
      [
        37,
        31
      ],
      [
        45,
        139
      ]
    ],
    "total_parameters": 590,
    "training_time": 19.677309036254883,
    "optimal_threshold": 0.5,
    "test_f1_optimal": 0.706523181777419,
    "cv_n_folds": 5,
    "cv_mean_train_accuracy": 0.7991711234067476,
    "cv_std_train_accuracy": 0.0674512055094776,
    "cv_mean_train_precision": 0.8259693174572608,
    "cv_std_train_precision": 0.055618140250735214,
    "cv_mean_train_recall": 0.7991711234067476,
    "cv_std_train_recall": 0.0674512055094776,
    "cv_mean_train_f1": 0.80603108145355,
    "cv_std_train_f1": 0.0635533394663255,
    "cv_mean_train_auc": 0.8776930853471846,
    "cv_std_train_auc": 0.0791362501564875,
    "cv_mean_train_auprc": 0.9475287653197096,
    "cv_std_train_auprc": 0.036597832895036,
    "cv_mean_train_matthews_corrcoef": 0.562533694874644,
    "cv_std_train_matthews_corrcoef": 0.13732961920522774,
    "cv_mean_train_balanced_accuracy": 0.799182930338487,
    "cv_std_train_balanced_accuracy": 0.07078934681941995,
    "cv_mean_train_cohen_kappa": 0.551830719647588,
    "cv_std_train_cohen_kappa": 0.1384422508109059,
    "cv_mean_val_accuracy": 0.7893946111029014,
    "cv_std_val_accuracy": 0.07436787170175442,
    "cv_mean_val_precision": 0.8124825166327299,
    "cv_std_val_precision": 0.05452937204338525,
    "cv_mean_val_recall": 0.7893946111029014,
    "cv_std_val_recall": 0.07436787170175442,
    "cv_mean_val_f1": 0.7958335231208125,
    "cv_std_val_f1": 0.06962495731750962,
    "cv_mean_val_auc": 0.8397520354731409,
    "cv_std_val_auc": 0.06852113888610699,
    "cv_mean_val_auprc": 0.9326475480168867,
    "cv_std_val_auprc": 0.030548957078500912,
    "cv_mean_val_matthews_corrcoef": 0.531867099432076,
    "cv_std_val_matthews_corrcoef": 0.135986023392513,
    "cv_mean_val_balanced_accuracy": 0.7795884828762235,
    "cv_std_val_balanced_accuracy": 0.06736811288608754,
    "cv_mean_val_cohen_kappa": 0.5250229152917061,
    "cv_std_val_cohen_kappa": 0.14084813925572848,
    "cv_mean_test_accuracy": 0.7936507936507937,
    "cv_std_test_accuracy": 0.07355734356021273,
    "cv_mean_test_precision": 0.8199286597350822,
    "cv_std_test_precision": 0.05544509172113731,
    "cv_mean_test_recall": 0.7936507936507937,
    "cv_std_test_recall": 0.07355734356021273,
    "cv_mean_test_f1": 0.8010740325799389,
    "cv_std_test_f1": 0.06816157839900597,
    "cv_mean_test_auc": 0.8613171355498721,
    "cv_std_test_auc": 0.0726117153040535,
    "cv_mean_test_auprc": 0.9434351324182645,
    "cv_std_test_auprc": 0.033869935951513774,