Case,Q0_len,Q1_len,C0_p,C0_q,C0_LHS,C0_Ly,C0_By,C0_RHS,C0_Margin,C1_p,C1_q,C1_LHS,C1_Ly,C1_By,C1_RHS,C1_Margin,LHS_sup,RHS_sup,Margin
BAD,8,3,8,203,0.0003908209795636954,0.000394380093776403,7.33933134393669e-05,0.00012750961639001386,0.00026331136317368157,3,208,0.0003849054945157054,0.00038936666577266637,9.169856823138884e-05,0.00010315325606007301,0.0002817522384556324,0.0003908209795636954,0.00012750961639001386,0.00026331136317368157
GOOD_1,9,4,9,202,0.0003828792373462539,0.0003874970565709153,7.08207354544805e-05,0.00012700026135248585,0.0002558789759937681,4,207,0.00028204707749697943,0.00028286142347430724,5.530169962719354e-05,8.80214234423154e-05,0.00019402565405466404,0.0003828792373462539,0.00012700026135248585,0.0002558789759937681
GOOD_2,9,7,9,202,0.00038225684722430973,0.0003874970565709153,7.08207354544805e-05,0.00012700026135248585,0.00025525658587182386,7,204,0.00025180577841397024,0.0002525612850348981,2.2971328036256908e-05,0.00012319524893752916,0.00012861052947644107,0.00038225684722430973,0.00012700026135248585,0.00025525658587182386
GOOD_3,27,13,27,184,9.646686602467097e-05,9.786145944772232e-05,1.5822404233230014e-05,3.498434474377689e-05,6.148252128089408e-05,13,198,0.0001675065438009827,0.0001688464395578029,1.3019210845143847e-05,8.809470827149809e-05,7.94118355294846e-05,0.0001675065438009827,8.809470827149809e-05,7.94118355294846e-05
