Case,Q0_len,Q1_len,C0_p,C0_q,C0_LHS,C0_Ly,C0_By,C0_RHS,C0_Margin,C1_p,C1_q,C1_LHS,C1_Ly,C1_By,C1_RHS,C1_Margin,LHS_sup,RHS_sup,Margin
BAD,8,3,8,203,0.00038833673619112784,0.000394380093776403,4.780131762924535e-05,0.00016757705507270583,0.000220759681118422,3,208,0.0003843614990553001,0.00038936666577266637,5.280914136452713e-05,0.00015538585406754132,0.0002289756449877588,0.00038833673619112784,0.00016757705507270583,0.000220759681118422
GOOD_1,9,4,9,202,0.00037993564976718816,0.0003874970565709153,4.720210445413471e-05,0.00016421310563638424,0.00021572254413080392,4,207,0.0002804638205887396,0.00028286142347430724,3.375014511918131e-05,0.00012119801644445192,0.00015926580414428769,0.00037993564976718816,0.00016421310563638424,0.00021572254413080392
GOOD_2,9,7,9,202,0.00038119736678019124,0.0003874970565709153,4.720210445413471e-05,0.00016421310563638424,0.000216984261143807,7,204,0.00025100831791353035,0.0002525612850348981,1.6842578301919697e-05,0.00013896179620763235,0.000112046521705898,0.00038119736678019124,0.00016421310563638424,0.000216984261143807
GOOD_3,27,13,27,184,9.588950672576916e-05,9.786145944772232e-05,9.83737168746278e-06,4.564403114469894e-05,5.024547558107022e-05,13,198,0.00016772016730879583,0.0001688464395578029,9.176177742577822e-06,9.929867073813518e-05,6.842149657066065e-05,0.00016772016730879583,9.929867073813518e-05,6.842149657066065e-05
