Case,Q0_len,Q1_len,C0_p,C0_q,C0_LHS,C0_Ly,C0_By,C0_RHS,C0_Margin,C1_p,C1_q,C1_LHS,C1_Ly,C1_By,C1_RHS,C1_Margin,LHS_sup,RHS_sup,Margin
BAD,8,3,8,203,0.0003867687921603931,0.000394380093776403,4.5690369817704236e-05,0.00017159795227583664,0.00021517083988455648,3,208,0.0003841786968758436,0.00038936666577266637,4.7751605485133945e-05,0.0001644068236576794,0.00021977187321816418,0.0003867687921603931,0.00017159795227583664,0.00021517083988455648
GOOD_1,9,4,9,202,0.0003852007056003663,0.0003874970565709153,4.477683956441583e-05,0.00016882831516074547,0.00021637239043962084,4,207,0.00028153173103776235,0.00028286142347430724,3.14869313335233e-05,0.00012560049953166412,0.00015593123150609822,0.0003852007056003663,0.00016882831516074547,0.00021637239043962084
GOOD_2,9,7,9,202,0.00038373567465387987,0.0003874970565709153,4.477683956441583e-05,0.00016882831516074547,0.0002149073594931344,7,204,0.00025254931871972956,0.0002525612850348981,1.6814178432032694e-05,0.0001390434181119952,0.00011350590060773435,0.00038373567465387987,0.00016882831516074547,0.0002149073594931344
GOOD_3,27,13,27,184,9.63791158722423e-05,9.786145944772232e-05,8.952639569279802e-06,4.761550531211249e-05,4.8763610560129806e-05,13,198,0.00016855803508511658,0.0001688464395578029,8.899473853997652e-06,0.00010021799652542311,6.834003855969347e-05,0.00016855803508511658,0.00010021799652542311,6.834003855969347e-05
