Case,Q0_len,Q1_len,C0_p,C0_q,C0_LHS,C0_Ly,C0_By,C0_RHS,C0_Margin,C1_p,C1_q,C1_LHS,C1_Ly,C1_By,C1_RHS,C1_Margin,LHS_sup,RHS_sup,Margin
BAD,8,3,8,203,0.0003897853971512571,0.000394380093776403,5.648206740545286e-05,0.00015236322959215904,0.00023742216755909807,3,208,0.0003854586670491731,0.00038936666577266637,6.4322350646742e-05,0.00013717690476500584,0.00024828176228416726,0.0003897853971512571,0.00015236322959215904,0.00023742216755909807
GOOD_1,9,4,9,202,0.0003809554125290157,0.0003874970565709153,5.476945296723207e-05,0.00015090417968199312,0.00023005123284702258,4,207,0.0002796736500371237,0.00028286142347430724,4.1098757418672295e-05,0.00010831924761294674,0.00017135440242417696,0.0003809554125290157,0.00015090417968199312,0.00023005123284702258
GOOD_2,9,7,9,202,0.00038161938160618175,0.0003874970565709153,5.476945296723207e-05,0.00015090417968199312,0.00023071520192418862,7,204,0.00025256310925791394,0.0002525612850348981,1.878301196580591e-05,0.00013359290297639936,0.00011897020628151458,0.00038161938160618175,0.00015090417968199312,0.00023071520192418862
GOOD_3,27,13,27,184,9.78377108846197e-05,9.786145944772232e-05,1.1915591831347822e-05,4.1481305970916245e-05,5.635640491370346e-05,13,198,0.00016717602263639138,0.0001688464395578029,1.0560255058778543e-05,9.495406961304388e-05,7.222195302334749e-05,0.00016717602263639138,9.495406961304388e-05,7.222195302334749e-05
